{
  "data": [
    {
      "title": "Europe Street beat",
      "description": "www.instagram.com",
      "image": "https://img.cdn.mountainwarehouse.com/product/053054/053054_bla_seasons_ii_padded_jacket_men_aw22_02.jpg"
    },
    {
      "title": "Another Card",
      "description": "www.example.com",
      "image": "https://img.cdn.mountainwarehouse.com/product/028161/028161_nav_henry_ii_extreme_down_padded_jacket_men_aw22_01.jpg"
    },
    {
      "title": "Another Card",
      "description": "www.example.com",
      "image": "https://img.cdn.mountainwarehouse.com/product/028161/028161_nav_henry_ii_extreme_down_padded_jacket_men_aw22_01.jpg"
    },
    {
      "title": "Another Card",
      "description": "www.example.com",
      "image": "https://img.cdn.mountainwarehouse.com/product/028161/028161_nav_henry_ii_extreme_down_padded_jacket_men_aw22_01.jpg"
    },
    {
      "title": "Another Card",
      "description": "www.example.com",
      "image": "https://img.cdn.mountainwarehouse.com/product/028161/028161_nav_henry_ii_extreme_down_padded_jacket_men_aw22_01.jpg"
    },
    {
      "title": "Another Card",
      "description": "www.example.com",
      "image": "https://img.cdn.mountainwarehouse.com/product/028161/028161_nav_henry_ii_extreme_down_padded_jacket_men_aw22_01.jpg"
    },
    {
      "title": "Another Card",
      "description": "www.example.com",
      "image": "https://img.cdn.mountainwarehouse.com/product/028161/028161_nav_henry_ii_extreme_down_padded_jacket_men_aw22_01.jpg"
    },
    {
      "title": "Another Card",
      "description": "www.example.com",
      "image": "https://img.cdn.mountainwarehouse.com/product/028161/028161_nav_henry_ii_extreme_down_padded_jacket_men_aw22_01.jpg"
    }
  ]
}
